{
    "metadata":{
        "generator":"io_three",
        "type":"Geometry",
        "materials":1,
        "vertices":184,
        "version":3,
        "faces":188
    },
    "materials":[{
        "wireframe":true
    }],
    "vertices":[0.989057,-0.0650514,2.08052,0.989057,1.93662,2.14412,1.19532,-0.0650514,2.16596,1.15035,1.95833,2.21093,1.28076,-0.0650514,2.37222,1.21716,1.93495,2.37222,1.19532,-0.0650514,2.57849,1.15035,2.09014,2.53352,0.989057,-0.0650514,2.66393,0.989057,1.96947,2.60033,0.782793,-0.0650514,2.57849,0.827764,1.97673,2.53352,0.697355,-0.0650514,2.37222,0.760954,1.90978,2.37222,0.782793,-0.0650514,2.16596,0.831535,1.95448,2.23753,1.45232,3.44595,2.3221,1.4856,3.43375,2.33678,1.49938,3.4287,2.37222,1.4856,3.43375,2.40767,1.45232,3.44595,2.42235,1.41904,3.45815,2.40767,1.40525,3.46321,2.37222,1.41904,3.45815,2.33678,1.10772,2.58298,2.25573,1.03263,2.68913,2.28985,1.00153,2.70181,2.37222,1.03263,2.68913,2.4546,1.10772,2.65851,2.48872,1.1828,2.62789,2.4546,1.21391,2.53968,2.37222,1.1828,2.64174,2.28985,0.989057,0.261615,2.14412,1.15035,0.261615,2.21093,1.21716,0.261615,2.37222,1.15035,0.261615,2.53352,0.989057,0.261615,2.60033,0.827764,0.261615,2.53352,0.760954,0.261615,2.37222,0.827764,0.261615,2.21093,1.04839,2.29673,2.19993,0.926425,2.27833,2.28778,0.88124,2.35163,2.37222,0.930196,2.29956,2.49406,1.04839,2.25488,2.54452,1.16658,2.28142,2.49406,1.21553,2.27508,2.37222,1.16658,2.2233,2.25039,-0.508672,2.78062,2.37873,-0.518624,2.77439,2.3547,-0.508672,2.78062,2.33068,-0.493415,2.83679,2.33656,-0.500707,2.84776,2.3547,-0.493415,2.83679,2.37285,0.172208,2.49744,2.43345,0.144084,2.53977,2.36346,0.172208,2.49744,2.29347,0.113363,2.28081,2.45612,0.113363,2.28081,2.2708,0.0749827,2.25678,2.36346,0.989057,1.70156,2.14412,1.15035,1.70333,2.21093,1.21716,1.70295,2.37222,1.15035,1.58847,2.53352,0.989057,1.61387,2.60033,0.827764,1.56359,2.53352,0.760954,1.56712,2.37222,0.827764,1.66807,2.21093,1.77732,2.63848,3.14664,1.75509,2.62677,3.19044,1.75771,2.57973,3.20858,1.83698,2.61856,3.14664,1.84784,2.5958,3.19044,1.81736,2.55981,3.20858,1.35628,2.00705,2.88876,1.46186,1.96485,2.84503,1.50559,2.00705,2.73945,1.35628,2.15867,2.88876,1.50559,2.15867,2.73945,1.46186,2.27626,2.84503,1.75106,3.03943,1.7347,1.76835,3.02322,1.74681,1.76328,3.04445,1.74456,1.7414,2.99488,1.69513,1.76861,2.9767,1.71678,1.76064,2.98038,1.69555,1.46408,2.39272,1.98136,1.39021,2.43862,1.94982,1.49468,2.42509,2.05752,1.42729,2.66475,1.9847,1.47422,2.68871,2.00603,1.49366,2.63769,2.05752,-0.0613769,2.63791,2.36067,-0.0398909,2.60557,2.3072,-0.084847,2.44008,2.28988,-0.114169,2.42171,2.36067,-0.0398909,2.60557,2.41414,-0.084847,2.44008,2.43146,0.355662,2.43291,2.45127,0.284002,2.17913,2.47888,0.366314,2.48446,2.36604,0.354553,2.43302,2.2918,0.285111,2.17902,2.26102,0.237264,2.14987,2.36604,0.294232,3.06321,2.69926,0.287501,3.08204,2.69392,0.294232,3.08605,2.67476,0.338137,3.049,2.69185,0.340687,3.07193,2.68534,0.337872,3.07504,2.66395,0.436273,2.69692,2.49826,0.442813,2.75576,2.48155,0.435592,2.76373,2.42667,0.323631,2.73337,2.51726,0.306363,2.78168,2.50354,0.323631,2.79196,2.45439,1.12451,0.981465,2.23677,1.18062,0.981465,2.37222,1.12451,0.954391,2.50768,0.989057,0.981465,2.56379,0.853603,0.981465,2.50768,0.797497,0.96633,2.37222,0.853603,0.981465,2.23677,0.989057,0.981465,2.18066,0.977299,2.47511,2.28877,0.989057,1.88766,2.14412,1.15035,1.90465,2.21093,1.21716,1.88611,2.37222,0.989057,1.89535,2.60033,0.827764,1.95371,2.53352,0.760954,1.83498,2.37222,0.830741,1.89766,2.23193,1.78988,2.63428,3.14664,1.77462,2.62025,3.19044,1.77027,2.57554,3.20858,1.35628,2.12675,2.88876,1.50559,2.12675,2.73945,0.34525,2.04121,3.33381,0.311255,2.03073,3.33747,0.290775,2.01129,3.31786,0.34525,2.07956,3.29382,0.311255,2.08388,3.28204,0.290775,2.04779,3.27981,0.674324,1.89731,2.88386,0.59235,1.80074,2.86814,0.733247,1.88922,2.98294,0.492947,1.74765,2.98462,0.52955,1.81997,3.05351,0.628789,1.83343,3.10535,1.01683,2.40713,1.36757,1.05248,2.41193,1.38234,0.982024,2.41108,1.38822,1.02995,2.48671,1.37991,1.00299,2.48264,1.39932,1.05606,2.47048,1.39106,1.04043,2.25793,1.84629,1.11892,2.20917,1.87981,0.959445,2.24571,1.90463,1.10814,2.03322,1.8536,0.896433,2.03066,1.87126,1.00104,2.0188,1.80924,0.93886,2.51938,2.37222,0.979264,2.48617,2.47515,1.07681,2.5089,2.51779,1.17435,2.44739,2.47515,1.21475,2.40183,2.37222,1.07681,2.43385,2.22666,1.76849,2.99899,1.73117,1.76191,3.01107,1.71903,1.74603,3.01622,1.71409,1.40797,2.54695,1.96653,1.49419,2.52693,2.05752,1.06595,2.67867,3.51253,1.11206,2.66124,3.53222,1.15816,2.67159,3.51253,1.08509,2.75147,3.50516,1.12315,2.76033,3.52179,1.1612,2.73634,3.50516,1.16777,2.47959,2.99016,1.09998,2.52234,3.01979,1.03218,2.50654,2.99016,1.16237,2.36423,3.00329,0.998074,2.37684,3.00329,1.08022,2.34579,3.03837],