{
    "materials":[{
        "DbgColor":15658734,
        "visible":true,
        "colorEmissive":[0,0,0],
        "specularCoef":50,
        "transparent":false,
        "DbgIndex":0,
        "opacity":1,
        "DbgName":"Material",
        "depthTest":true,
        "wireframe":true,
        "shading":"phong",
        "colorSpecular":[0.5,0.5,0.5],
        "depthWrite":true,
        "colorDiffuse":[0.64,0.64,0.64],
        "doubleSided":false,
        "blending":"NormalBlending"
    }],
    "faces":[2,11,13,25,0,2,24,6,18,0,2,16,12,23,0,2,18,14,22,0,2,21,7,15,0,2,20,3,15,0,2,17,15,7,0,2,4,20,17,0,2,10,9,20,0,2,21,3,13,0,2,14,13,2,0,2,6,21,14,0,2,22,2,11,0,2,12,11,1,0,2,5,22,12,0,2,23,1,8,0,2,10,8,0,0,2,4,23,10,0,2,16,18,5,0,2,4,24,16,0,2,17,19,24,0,2,9,13,3,0,2,8,9,0,0,2,8,11,25,0,2,11,2,13,0,2,24,19,6,0,2,16,5,12,0,2,18,6,14,0,2,21,19,7,0,2,20,9,3,0,2,17,20,15,0,2,4,10,20,0,2,10,0,9,0,2,21,15,3,0,2,14,21,13,0,2,6,19,21,0,2,22,14,2,0,2,12,22,11,0,2,5,18,22,0,2,23,12,1,0,2,10,23,8,0,2,4,16,23,0,2,16,24,18,0,2,4,17,24,0,2,17,7,19,0,2,9,25,13,0,2,8,25,9,0,2,8,1,11,0],
    "vertices":[2.2685,-2.2685,-2.2685,2.2685,-2.2685,2.2685,-2.2685,-2.2685,2.2685,-2.2685,-2.2685,-2.2685,0.380756,1.20679,-0.362698,2.2685,2.2685,2.2685,-2.2685,2.2685,2.2685,-2.2685,2.2685,-2.2685,2.2685,-2.2685,2.34373e-07,4.0564e-07,-2.2685,-2.2685,1.32463,-0.530858,-1.3156,0,-2.2685,2.2685,2.2685,9.91594e-08,2.2685,-2.2685,-2.2685,-5.76907e-07,-2.2685,9.91593e-08,2.2685,-2.2685,-9.91594e-08,-2.2685,1.32463,1.73764,0.952903,-0.943873,1.73764,-1.3156,-1.21692e-06,2.2685,2.2685,-2.2685,2.2685,-5.04799e-07,-0.471936,-0.265429,-1.79205,-2.2685,-2.36414e-14,-5.40853e-07,-6.76066e-07,9.91594e-08,2.2685,1.79656,-0.265429,0.476451,-0.471937,2.00307,0.476451,1.35213e-07,-2.2685,-1.71267e-07],
    "metadata":{
        "faces":48,
        "generator":"io_three",
        "type":"Geometry",
        "materials":1,
        "version":3,
        "vertices":26
    }
}
